,TimeStamp,Average in last minute(Transactions per Second),Maximum in last hour(Transactions per Second),Average in last hour(Transactions per Second),Average in last minute(Bandwidth),Maximum in last hour(Bandwidth),Average in last hour(Bandwidth),Current idle client connections,Current idle server connections,Current total client connections,Current total server connections,CPU,RAM,Reporting/LoggingDisk
Value,2020-04-29 00:00:46,6,20,4,2016,406239,1523,11,6,19974,390,10.9%,40.7%,42.8%
Value,2020-04-29 00:02:12,7,20,4,993,406239,1543,12,11,19952,373,2.8%,40.5%,42.8%
Value,2020-04-29 00:03:38,6,20,4,3724,406239,1611,11,16,19984,390,9.0%,40.5%,42.8%
Value,2020-04-29 00:05:05,5,20,4,31,406239,1568,15,14,20002,391,5.6%,40.5%,42.8%
Value,2020-04-29 00:06:30,6,20,4,105,406239,1567,9,8,19980,363,9.3%,40.5%,42.8%
Value,2020-04-29 00:07:53,6,20,4,46,406239,1560,17,4,20009,376,6.2%,40.6%,42.8%
Value,2020-04-29 00:09:15,6,20,5,98,406239,1557,12,7,20017,374,2.8%,40.5%,42.8%
Value,2020-04-29 00:10:38,6,20,5,60,406239,1555,8,4,20027,372,6.8%,40.5%,42.8%
Value,2020-04-29 00:12:04,6,20,5,494,406239,1565,18,7,20037,356,13.3%,40.5%,43.4%
Value,2020-04-29 00:13:30,6,20,5,4756,406239,2063,12,5,20042,343,9.7%,40.6%,43.7%
Value,2020-04-29 00:14:54,6,20,5,59,406239,1985,6,3,20052,350,4.5%,40.5%,43.7%
Value,2020-04-29 00:16:18,6,20,5,95,406239,1981,9,6,20072,368,4.2%,40.5%,43.7%
Value,2020-04-29 00:17:49,11,21,5,215,406239,1955,13,24,20153,446,4.8%,40.5%,43.7%
Value,2020-04-29 00:19:12,5,21,5,496,406239,1993,10,23,20176,452,7.8%,40.6%,43.7%
Value,2020-04-29 00:20:36,7,21,5,645,406239,1994,21,23,20191,444,3.7%,40.6%,43.7%
Value,2020-04-29 00:21:55,7,21,5,1638,406239,2018,18,16,20200,432,4.8%,40.5%,42.8%
Value,2020-04-29 00:23:19,2,21,5,4934,406239,2172,16,18,20190,423,4.8%,40.5%,42.8%
Value,2020-04-29 00:24:42,0.0%,"'3128': 0, '443': 0, '80': 0, '8000': 0, '8080': 0",0%,Forward,Off,Enabled,9.3%,40.6%,42.8%
Value,2020-04-29 00:26:06,4,21,5,839,406239,2107,16,14,20160,375,4.7%,40.5%,42.8%
Value,2020-04-29 00:27:28,1,21,5,80,406239,2092,12,9,20166,357,4.7%,40.5%,42.8%
Value,2020-04-29 00:28:51,1,21,5,53,406239,2094,12,7,20197,361,2.8%,40.5%,42.8%
Value,2020-04-29 00:30:13,1,21,5,45,406239,2092,6,4,20221,376,4.4%,40.5%,42.8%
Value,2020-04-29 00:31:37,3,21,5,72,406239,2094,7,6,20224,358,6.0%,40.5%,42.8%
Value,2020-04-29 00:33:01,1.67%,"'3128': 0, '443': 0, '80': 0, '8000': 0, '8080': 0",0%,Forward,Off,Enabled,5.4%,40.5%,42.8%
Value,2020-04-29 00:34:24,1,21,5,149,406239,2104,7,7,20244,344,3.0%,40.5%,42.8%
Value,2020-04-29 00:35:47,4,21,5,76,406239,2097,7,6,20261,343,5.4%,40.5%,42.8%
Value,2020-04-29 00:37:13,3,21,5,515,406239,2079,7,6,20282,356,11.0%,40.5%,43.4%
Value,2020-04-29 00:38:35,4,21,5,240,406239,2076,16,5,20286,350,3.9%,40.5%,43.7%
Value,2020-04-29 00:39:59,3,21,5,276,406239,2072,15,11,20381,428,6.1%,40.6%,43.7%
Value,2020-04-29 00:41:24,3,21,5,253,406239,2075,9,11,20340,379,3.0%,40.5%,43.7%
Value,2020-04-29 00:42:47,7,21,5,532,406239,2077,12,11,20366,393,5.5%,40.5%,43.7%
Value,2020-04-29 00:44:09,4,21,5,257,406239,2079,13,6,20374,383,8.2%,40.5%,43.7%
Value,2020-04-29 00:45:31,6,21,5,226,406239,2081,10,3,20346,344,4.8%,40.5%,43.7%
Value,2020-04-29 00:46:52,5,21,5,153,406239,2082,13,6,20347,338,5.8%,40.6%,43.7%
Value,2020-04-29 00:48:18,2,21,5,128,406239,2080,8,10,20345,340,6.9%,40.6%,42.8%
Value,2020-04-29 00:49:39,1,21,5,103,406239,2078,9,9,20370,345,2.8%,40.6%,42.8%
Value,2020-04-29 00:51:01,2,21,5,7926,406239,2208,11,9,20367,329,2.5%,40.5%,42.8%
Value,2020-04-29 00:52:22,2,21,4,127,406239,2205,14,8,20371,324,6.1%,40.5%,42.8%
Value,2020-04-29 00:53:44,1,21,4,317,406239,2209,11,8,20367,314,10.3%,40.5%,42.8%
Value,2020-04-29 00:55:04,1,21,4,107,406239,2210,9,6,20361,308,6.6%,40.5%,42.8%
Value,2020-04-29 00:56:25,1,21,4,31,406239,2206,11,5,20390,320,5.8%,40.5%,42.8%
Value,2020-04-29 00:57:46,3,21,4,46,125337,1078,8,6,20402,317,6.5%,40.5%,42.8%
Value,2020-04-29 00:59:08,1,21,4,56,125337,1072,5,7,20406,304,5.7%,40.5%,42.8%
Value,2020-04-29 01:00:31,2,21,4,66,125337,1018,5,4,20437,321,5.1%,40.5%,42.8%
Value,2020-04-29 01:02:01,1,21,4,84,125337,1011,7,5,20416,297,7.3%,40.5%,42.8%
Value,2020-04-29 01:03:24,2,21,3,66,125337,941,8,12,20447,312,4.9%,40.5%,42.8%
Value,2020-04-29 01:04:50,1,21,3,45,125337,941,8,9,20460,301,6.2%,40.5%,42.8%
Value,2020-04-29 01:06:15,2,21,3,407,125337,945,10,12,20469,298,4.1%,40.5%,42.8%
Value,2020-04-29 01:07:38,3,21,3,1436,125337,993,9,14,20488,309,4.1%,40.5%,42.8%
Value,2020-04-29 01:09:04,5,21,3,3074,125337,1080,7,17,20492,305,5.4%,40.5%,42.8%
Value,2020-04-29 01:10:27,2,21,3,62,125337,1030,4,12,20507,296,3.5%,40.5%,42.8%
Value,2020-04-29 01:11:53,7,21,3,3086,125337,1074,27,10,20579,332,8.2%,40.5%,42.8%
Value,2020-04-29 01:13:18,4,21,3,3642,47017,796,5,8,20551,310,4.8%,40.5%,42.8%
Value,2020-04-29 01:14:42,7,21,3,467,47017,749,11,25,20563,317,9.2%,40.5%,42.8%
Value,2020-04-29 01:16:06,2,21,3,456,47017,759,11,14,20576,313,4.9%,40.5%,42.8%
Value,2020-04-29 01:17:29,1.67%,"'3128': 0, '443': 0, '80': 0, '8000': 0, '8080': 0",0%,Forward,Off,Enabled,13.4%,40.5%,43.8%
Value,2020-04-29 01:18:52,1.67%,"'3128': 0, '443': 0, '80': 0, '8000': 0, '8080': 0",0%,Forward,Off,Enabled,4.2%,40.5%,43.8%
Value,2020-04-29 01:20:18,4,15,3,408,47017,769,13,7,20602,305,6.8%,40.5%,43.8%
Value,2020-04-29 01:21:42,1,15,3,55,47017,743,9,4,20600,297,4.0%,40.5%,43.8%
Value,2020-04-29 01:23:06,5,15,3,358,47017,672,14,9,20606,292,7.7%,40.5%,43.8%
Value,2020-04-29 01:24:28,6,15,3,84,47017,667,15,7,20595,263,6.0%,40.5%,43.8%
Value,2020-04-29 01:25:52,1.67%,"'3128': 0, '443': 0, '80': 0, '8000': 0, '8080': 0",0%,Forward,Off,Enabled,3.8%,40.5%,43.8%
Value,2020-04-29 01:27:16,6,15,3,43,47017,649,24,5,20619,261,3.0%,40.5%,42.8%
Value,2020-04-29 01:28:40,4,15,3,25,47017,649,22,6,20649,289,6.1%,40.5%,42.8%
Value,2020-04-29 01:30:04,8,15,3,407,47017,652,12,7,20627,269,5.7%,40.5%,42.8%
Value,2020-04-29 01:31:28,6,15,3,48,47017,652,12,4,20623,256,3.5%,40.5%,42.8%
Value,2020-04-29 01:32:52,6,15,3,38,47017,629,14,3,20651,263,9.5%,40.5%,42.8%
Value,2020-04-29 01:34:15,3,15,3,67,47017,628,14,5,20668,268,4.2%,40.5%,42.8%
Value,2020-04-29 01:35:38,6,15,3,61,47017,627,13,2,20692,267,6.0%,40.5%,42.8%
Value,2020-04-29 01:37:00,5,15,3,84,47017,622,11,2,20706,269,3.3%,40.6%,42.8%
Value,2020-04-29 01:38:25,5,15,3,183,47017,559,16,2,20714,264,7.4%,40.5%,42.8%
Value,2020-04-29 01:39:47,8,15,3,46,47017,553,7,4,20698,254,4.6%,40.5%,42.8%
Value,2020-04-29 01:41:06,6,15,4,43,47017,549,10,4,20723,267,6.5%,40.5%,42.8%
Value,2020-04-29 01:42:28,5,15,3,26,47017,541,17,4,20736,271,5.8%,40.6%,42.8%
Value,2020-04-29 01:43:50,6,15,3,80,47017,540,18,10,20765,292,6.4%,40.5%,42.8%
Value,2020-04-29 01:45:15,6,15,4,112,47017,537,17,8,20759,274,5.3%,40.5%,42.8%
Value,2020-04-29 01:46:39,6,15,4,159,47017,537,16,6,20771,281,8.4%,40.5%,42.8%
Value,2020-04-29 01:48:02,6,15,4,48,47017,532,15,4,20781,270,10.4%,40.5%,43.8%
Value,2020-04-29 01:49:26,5,15,4,46,47017,531,14,4,20774,255,3.8%,40.5%,43.8%
Value,2020-04-29 01:50:48,8,15,4,73,11902,399,11,4,20779,253,4.8%,40.5%,43.8%
Value,2020-04-29 01:52:11,6,15,4,41,11902,397,16,4,20794,260,8.0%,40.5%,43.8%
Value,2020-04-29 01:53:35,5,15,4,39,11902,393,19,4,20804,260,5.3%,40.5%,42.8%
Value,2020-04-29 01:54:57,7,15,4,821,11902,407,8,2,20796,251,5.5%,40.5%,42.8%
Value,2020-04-29 01:56:18,1.67%,"'3128': 0, '443': 0, '80': 0, '8000': 0, '8080': 0",0%,Forward,Off,Enabled,4.3%,40.5%,42.8%
Value,2020-04-29 01:57:40,6,15,4,336,11902,419,18,2,20801,230,4.0%,40.5%,42.8%
Value,2020-04-29 01:59:01,5,15,4,26,11902,417,9,2,20797,234,3.3%,40.5%,42.8%
Value,2020-04-29 02:00:21,9,15,4,623,11902,431,12,1,20814,240,3.5%,40.5%,42.8%
Value,2020-04-29 02:01:42,6,15,5,78,11902,432,16,1,20812,235,5.4%,40.5%,42.8%
Value,2020-04-29 02:03:03,10,15,5,1574,11902,482,13,8,20853,267,10.6%,40.5%,42.8%
Value,2020-04-29 02:04:23,7,15,5,745,11902,474,15,5,20859,244,5.1%,40.5%,42.8%
Value,2020-04-29 02:05:45,7,15,5,695,11902,491,16,5,20881,243,3.4%,40.5%,42.8%
Value,2020-04-29 02:07:06,0.0%,"'3128': 0, '443': 0, '80': 0, '8000': 0, '8080': 0",0%,Forward,Off,Enabled,6.9%,40.5%,42.8%
Value,2020-04-29 02:08:29,5,15,5,134,11902,407,20,2,20946,267,6.5%,40.5%,42.8%
Value,2020-04-29 02:09:50,1.67%,"'3128': 0, '443': 0, '80': 0, '8000': 0, '8080': 0",0%,Forward,Off,Enabled,5.5%,40.5%,42.8%
Value,2020-04-29 02:11:10,4,14,5,395,11902,377,19,5,20996,287,6.1%,40.5%,42.8%
Value,2020-04-29 02:12:35,2,14,5,1246,11902,307,30,5,21003,271,7.5%,40.5%,42.9%
Value,2020-04-29 02:13:56,3,14,5,1227,11902,321,19,9,21034,297,5.3%,40.5%,43.8%
Value,2020-04-29 02:15:17,2,14,5,1243,11902,352,12,7,21015,265,3.3%,40.6%,43.8%
Value,2020-04-29 02:16:37,2,14,5,340,11902,349,15,9,21029,259,3.1%,40.5%,43.8%
Value,2020-04-29 02:17:57,1.67%,"'3128': 0, '443': 0, '80': 0, '8000': 0, '8080': 0",0%,Forward,Off,Enabled,4.6%,40.5%,42.8%
Value,2020-04-29 02:19:21,2,14,5,33,8638,371,11,7,21048,238,10.9%,40.5%,42.8%
Value,2020-04-29 02:20:42,3,14,5,774,8638,353,10,6,21072,250,11.0%,40.5%,42.8%
Value,2020-04-29 02:22:04,3,14,5,34,8638,351,6,5,21068,247,5.9%,40.5%,42.8%
Value,2020-04-29 02:23:26,2,14,5,370,8638,361,9,12,21133,308,5.3%,40.5%,42.8%
Value,2020-04-29 02:24:46,2,14,5,1064,8638,373,12,9,21083,244,5.6%,40.5%,42.8%
Value,2020-04-29 02:26:06,1,14,5,703,8638,401,12,9,21090,249,6.2%,40.5%,42.8%
Value,2020-04-29 02:27:25,2,14,4,913,15492,459,12,9,21157,303,5.1%,40.5%,42.8%
Value,2020-04-29 02:28:47,1,14,4,143,15492,448,13,5,21148,281,5.0%,40.5%,42.8%
Value,2020-04-29 02:30:09,4,14,4,238,15492,447,9,5,21141,275,5.3%,40.5%,42.8%
Value,2020-04-29 02:31:28,0.0%,"'3128': 0, '443': 0, '80': 0, '8000': 0, '8080': 0",0%,Forward,Off,Enabled,3.9%,40.5%,42.8%
Value,2020-04-29 02:32:52,2,14,4,491,15492,453,8,4,21138,255,4.3%,40.6%,42.8%
Value,2020-04-29 02:34:13,1,14,4,97,15492,481,8,6,21157,259,3.7%,40.5%,42.8%
Value,2020-04-29 02:35:35,2,14,4,336,15492,490,7,5,21150,246,3.7%,40.5%,42.8%
Value,2020-04-29 02:37:00,1,14,4,82,15492,486,7,6,21153,243,7.3%,40.5%,42.8%
Value,2020-04-29 02:38:23,4,14,4,39,15492,482,5,5,21168,252,3.2%,40.5%,43.8%
Value,2020-04-29 02:39:50,2,14,4,116,21696,543,3,4,21171,242,5.6%,40.5%,43.8%
Value,2020-04-29 02:41:14,1,14,4,327,21696,555,4,2,21181,229,4.9%,40.5%,43.8%
Value,2020-04-29 02:42:36,2,14,4,28,21696,550,9,2,21190,225,3.5%,40.6%,43.8%
Value,2020-04-29 02:44:05,1,14,3,28,21696,548,8,4,21207,223,4.7%,40.6%,43.8%
Value,2020-04-29 02:45:27,2,14,3,4335,25752,620,7,5,21223,224,2.5%,40.5%,43.8%
Value,2020-04-29 02:46:50,3,14,3,21,25752,618,8,4,21255,237,5.8%,40.5%,43.8%
Value,2020-04-29 02:48:13,1,14,3,1268,25752,671,7,8,21259,241,7.1%,40.5%,43.8%
Value,2020-04-29 02:49:37,2,14,3,4238,25752,727,5,11,21278,253,4.2%,40.6%,43.8%
Value,2020-04-29 02:50:59,2,14,3,351,25752,732,4,10,21273,239,3.4%,40.5%,43.8%
Value,2020-04-29 02:52:25,1,14,3,328,25752,740,5,8,21284,240,4.3%,40.5%,43.8%
Value,2020-04-29 02:53:48,1,14,3,355,25752,742,5,7,21282,236,4.2%,40.5%,43.8%
Value,2020-04-29 02:55:12,6,16,3,413,25752,742,4,3,21291,231,4.8%,40.5%,43.8%
Value,2020-04-29 02:56:34,2,16,3,356,25752,741,6,2,21324,258,7.9%,40.5%,43.8%
Value,2020-04-29 02:57:59,1,16,3,76,25752,735,6,4,21314,237,5.2%,40.5%,43.8%
Value,2020-04-29 02:59:28,1,16,3,411,25752,746,6,5,21315,229,6.1%,40.5%,43.8%
Value,2020-04-29 03:00:53,1,16,2,41,25752,742,4,6,21318,225,5.0%,40.5%,43.8%
Value,2020-04-29 03:02:16,1,16,2,419,25752,732,5,5,21329,225,8.3%,40.5%,43.8%
Value,2020-04-29 03:03:45,4,16,2,248,25752,731,10,9,21359,257,12.7%,40.5%,42.8%
Value,2020-04-29 03:05:12,1,16,2,137,25752,711,6,6,21356,245,3.2%,40.5%,42.8%
Value,2020-04-29 03:06:37,1,16,2,34,25752,710,9,6,21355,235,7.3%,40.5%,42.8%
Value,2020-04-29 03:08:08,0.0%,"'3128': 0, '443': 0, '80': 0, '8000': 0, '8080': 0",0%,Forward,Off,Enabled,6.8%,40.6%,42.8%
Value,2020-04-29 03:09:36,2,16,2,33,25752,690,10,6,21366,234,5.9%,40.5%,42.8%
Value,2020-04-29 03:10:58,4,16,2,64,25752,689,8,6,21380,230,7.3%,40.5%,42.8%
Value,2020-04-29 03:12:25,1,16,2,49,25752,661,7,6,21410,246,5.1%,40.5%,42.8%
Value,2020-04-29 03:13:49,0.0%,"'3128': 0, '443': 0, '80': 0, '8000': 0, '8080': 0",0%,Forward,Off,Enabled,7.7%,40.5%,43.8%
Value,2020-04-29 03:15:12,3,16,2,95,25752,600,9,8,21437,239,4.6%,40.5%,43.8%
Value,2020-04-29 03:16:36,3,16,2,110,25752,600,11,6,21448,232,4.1%,40.5%,43.8%
Value,2020-04-29 03:18:01,2,16,2,58,25752,581,7,8,21458,244,4.0%,40.5%,43.8%
Value,2020-04-29 03:19:26,2,16,2,45,25752,571,9,6,21456,228,4.9%,40.5%,43.8%
Value,2020-04-29 03:20:49,2,16,2,46,25752,554,10,5,21459,222,2.8%,40.5%,43.8%
Value,2020-04-29 03:22:16,2,16,2,170,25752,553,10,5,21475,214,4.7%,40.5%,43.8%
Value,2020-04-29 03:23:40,2,16,2,79,25752,553,13,10,21522,247,4.9%,40.5%,43.8%
Value,2020-04-29 03:25:03,2,16,2,59,25752,520,14,9,21529,235,10.4%,40.5%,43.8%
Value,2020-04-29 03:26:26,2,16,2,923,25752,493,9,12,21529,227,6.9%,40.6%,43.8%
Value,2020-04-29 03:27:48,3,16,2,46,25752,478,13,9,21552,228,4.0%,40.7%,43.8%
Value,2020-04-29 03:29:14,5,16,2,64,25752,475,8,10,21551,219,7.8%,40.5%,43.8%
Value,2020-04-29 03:30:41,3,16,2,49,25752,475,10,7,21556,211,5.4%,40.5%,43.8%
Value,2020-04-29 03:32:04,3,16,2,31,25752,466,6,7,21564,219,9.0%,40.5%,43.8%
Value,2020-04-29 03:33:27,3,16,2,58,25752,439,8,8,21585,226,6.5%,40.5%,43.8%
Value,2020-04-29 03:34:52,2,16,2,411,25752,442,5,8,21574,219,3.7%,40.5%,43.8%
Value,2020-04-29 03:36:16,3,16,2,372,25752,446,5,4,21586,226,10.5%,40.5%,43.8%
Value,2020-04-29 03:37:43,3,16,2,126,25752,447,8,3,21599,214,5.1%,40.6%,43.8%
Value,2020-04-29 03:39:10,3,16,2,61,25752,386,8,2,21626,216,8.0%,40.5%,43.8%
Value,2020-04-29 03:40:32,4,16,2,515,25752,387,13,4,21644,217,4.1%,40.7%,43.8%
Value,2020-04-29 03:41:56,3,16,2,52,25752,387,10,4,21673,234,2.8%,40.6%,43.8%
Value,2020-04-29 03:43:25,3,16,2,43,25752,389,7,4,21684,232,16.6%,40.5%,43.6%
Value,2020-04-29 03:44:52,2,16,2,101,25752,389,6,4,21696,226,10.0%,40.6%,43.8%
Value,2020-04-29 03:46:15,6,16,2,47,15039,310,9,10,21725,238,4.1%,40.6%,43.8%
Value,2020-04-29 03:47:40,8,16,2,43,15039,286,12,9,21734,239,8.3%,40.6%,43.8%
Value,2020-04-29 03:49:03,6,16,3,52,10234,211,7,9,21751,247,5.9%,40.6%,43.8%
Value,2020-04-29 03:50:28,8,16,3,123,10234,208,7,7,21771,244,4.7%,40.6%,43.8%
Value,2020-04-29 03:51:50,7,16,3,47,10234,207,6,7,21798,261,8.1%,40.6%,43.8%
Value,2020-04-29 03:53:14,8,16,3,51,10234,198,9,4,21799,242,5.8%,40.5%,43.8%
Value,2020-04-29 03:54:38,7,10,3,52,10234,192,6,2,21809,235,3.8%,40.6%,43.8%
Value,2020-04-29 03:56:02,7,10,3,41,10234,181,9,4,21835,240,6.5%,40.5%,43.8%
Value,2020-04-29 03:57:25,8,10,3,68,10234,181,7,5,21878,258,6.9%,40.5%,43.8%
Value,2020-04-29 03:58:50,1.67%,"'3128': 0, '443': 0, '80': 0, '8000': 0, '8080': 0",0%,Forward,Off,Enabled,5.5%,40.5%,43.8%
Value,2020-04-29 04:00:16,8,11,4,82,10234,162,10,6,21892,238,8.1%,40.5%,43.8%
Value,2020-04-29 04:01:40,8,11,4,134,10234,153,11,5,21898,235,4.6%,40.5%,43.8%
Value,2020-04-29 04:03:08,8,11,4,50,10234,144,10,4,21913,237,6.2%,40.5%,42.9%
Value,2020-04-29 04:04:33,6,11,4,190,10234,144,7,5,21936,249,5.8%,40.5%,42.9%
Value,2020-04-29 04:06:01,9,11,4,1147,10234,178,11,6,21934,249,5.2%,40.5%,42.9%
Value,2020-04-29 04:07:29,1.67%,"'3128': 0, '443': 0, '80': 0, '8000': 0, '8080': 0",0%,Forward,Off,Enabled,13.9%,40.5%,42.9%
Value,2020-04-29 04:08:57,8,11,4,214,10234,164,8,4,21977,249,6.2%,40.5%,43.8%
Value,2020-04-29 04:10:24,1.67%,"'3128': 0, '443': 0, '80': 0, '8000': 0, '8080': 0",0%,Forward,Off,Enabled,3.5%,40.5%,43.8%
Value,2020-04-29 04:11:48,9,12,5,78,10234,165,9,6,22005,252,4.0%,40.5%,43.8%
Value,2020-04-29 04:13:14,1.67%,"'3128': 0, '443': 0, '80': 0, '8000': 0, '8080': 0",0%,Forward,Off,Enabled,5.2%,40.5%,43.8%
Value,2020-04-29 04:14:37,9,12,5,494,10234,173,6,7,22061,289,5.2%,40.5%,43.8%
Value,2020-04-29 04:16:02,10,12,5,112,10234,176,6,5,22069,279,8.3%,40.6%,43.8%
Value,2020-04-29 04:17:25,9,12,5,201,10234,179,8,7,22074,273,4.7%,40.5%,43.8%
Value,2020-04-29 04:18:48,7,12,5,1857,10969,179,6,7,22065,256,4.6%,40.5%,43.8%
Value,2020-04-29 04:20:11,9,12,6,56,10969,178,10,7,22104,289,12.0%,40.5%,43.8%
Value,2020-04-29 04:21:32,8,12,6,585,10969,192,14,8,22123,290,8.7%,40.5%,43.8%
Value,2020-04-29 04:22:53,8,12,6,206,10969,194,8,7,22116,271,9.1%,40.5%,43.8%
Value,2020-04-29 04:24:15,8,12,6,61,10969,194,6,6,22124,262,7.5%,40.5%,42.9%
Value,2020-04-29 04:25:38,8,12,6,126,10969,185,8,6,22129,260,5.9%,40.5%,42.9%
Value,2020-04-29 04:26:59,9,12,6,271,10969,187,3,7,22128,251,5.4%,40.5%,42.9%
Value,2020-04-29 04:28:22,6,12,6,322,10969,191,4,10,22158,269,3.6%,40.5%,42.9%
Value,2020-04-29 04:29:43,5,12,6,55,10969,190,3,8,22173,264,9.4%,40.5%,42.9%
Value,2020-04-29 04:31:04,1.67%,"'3128': 0, '443': 0, '80': 0, '8000': 0, '8080': 0",0%,Forward,Off,Enabled,3.3%,40.5%,42.9%
Value,2020-04-29 04:32:25,4,12,6,306,10969,199,3,7,22193,252,6.9%,40.5%,42.9%
Value,2020-04-29 04:33:48,5,12,6,52,10969,193,8,5,22221,256,6.6%,40.5%,42.9%
Value,2020-04-29 04:35:11,6,12,6,76,10969,188,10,6,22264,282,5.5%,40.5%,42.9%
Value,2020-04-29 04:36:33,7,12,6,74,10969,183,6,3,22267,275,3.6%,40.5%,42.9%
Value,2020-04-29 04:37:54,7,12,6,114,10969,183,7,4,22279,276,6.1%,40.5%,42.9%
Value,2020-04-29 04:39:14,6,12,7,3714,21758,245,12,6,22288,278,5.0%,40.5%,43.8%
Value,2020-04-29 04:40:39,6,12,7,85,21758,242,9,5,22314,296,7.4%,40.5%,43.8%
Value,2020-04-29 04:42:00,6,12,7,219,21758,251,5,3,22294,274,4.7%,40.5%,43.8%
Value,2020-04-29 04:43:23,7,12,7,57,21758,248,7,4,22327,290,5.5%,40.5%,43.8%
Value,2020-04-29 04:44:46,7,12,7,861,21758,261,6,2,22311,262,2.5%,40.5%,43.8%
Value,2020-04-29 04:46:09,4,12,7,57,21758,261,12,6,22338,272,8.9%,40.5%,43.8%
Value,2020-04-29 04:47:33,2,12,7,42,21758,261,11,4,22395,311,5.1%,40.5%,43.8%
Value,2020-04-29 04:48:59,2,12,7,248,21758,265,7,4,22417,313,7.3%,40.5%,42.9%
Value,2020-04-29 04:50:21,1,12,6,44,21758,263,7,6,22442,322,9.8%,40.7%,42.9%
Value,2020-04-29 04:51:44,2,12,6,167,21758,266,8,6,22416,275,5.0%,40.7%,42.9%
Value,2020-04-29 04:53:05,1,12,6,47,21758,266,10,5,22444,284,3.9%,40.8%,42.9%
Value,2020-04-29 04:54:27,1,12,6,180,21758,269,8,4,22459,288,6.7%,40.8%,42.9%
Value,2020-04-29 04:55:50,2,12,6,76,21758,269,9,6,22470,295,2.2%,40.8%,42.9%
Value,2020-04-29 04:57:13,3,12,6,480,21758,278,10,6,22510,322,5.5%,40.8%,42.9%
Value,2020-04-29 04:58:36,1,12,6,334,21758,285,3,6,22487,295,5.3%,40.7%,42.9%
Value,2020-04-29 04:59:57,0.0%,"'3128': 0, '443': 0, '80': 0, '8000': 0, '8080': 0",0%,Forward,Off,Enabled,5.7%,40.7%,42.9%
Value,2020-04-29 05:01:22,1,12,5,77,21758,281,6,7,22519,308,10.5%,40.9%,42.9%
Value,2020-04-29 05:02:49,1,12,5,241,21758,284,5,3,22516,292,3.7%,40.7%,42.9%
Value,2020-04-29 05:04:16,2,12,5,25,21758,281,4,2,22545,315,6.8%,40.7%,42.9%
Value,2020-04-29 05:05:46,2,12,5,76,21758,266,5,3,22572,321,7.4%,40.7%,42.9%
Value,2020-04-29 05:07:08,1,12,5,760,21758,286,6,4,22589,328,6.1%,40.7%,42.9%
Value,2020-04-29 05:08:38,2,12,5,244,21758,277,13,6,22594,330,23.5%,40.7%,43.4%
Value,2020-04-29 05:10:00,1,12,4,60,21758,271,9,8,22600,333,6.0%,40.7%,43.8%
Value,2020-04-29 05:11:23,2,12,4,35,21758,270,12,13,22632,351,3.9%,40.7%,43.8%
Value,2020-04-29 05:12:49,4,12,4,245,21758,273,12,9,22688,382,7.5%,40.7%,43.8%
Value,2020-04-29 05:14:15,2,12,4,139,21758,274,11,9,22679,362,6.8%,40.6%,42.9%
Value,2020-04-29 05:15:42,3,12,4,512,21758,280,16,11,22705,357,8.0%,40.6%,42.9%
Value,2020-04-29 05:17:06,4,12,4,144,21758,281,27,10,22737,358,3.4%,40.6%,42.9%
Value,2020-04-29 05:18:33,2,12,4,1372,21758,273,26,7,22769,368,6.9%,40.6%,42.9%
Value,2020-04-29 05:19:58,4,12,4,2026,21758,322,16,5,22773,355,6.1%,40.6%,42.9%
Value,2020-04-29 05:21:24,4,23,4,1741,21758,370,20,6,22766,335,8.3%,40.6%,42.9%
Value,2020-04-29 05:22:49,2,23,4,1588,21758,386,21,8,22761,321,4.1%,40.8%,42.9%
Value,2020-04-29 05:24:15,2,23,3,1332,21758,424,21,11,22771,334,7.7%,40.6%,42.9%
Value,2020-04-29 05:25:43,1,23,3,1305,21758,447,13,8,22755,309,9.8%,40.6%,42.9%
Value,2020-04-29 05:27:12,4,23,3,1392,21758,481,23,5,22802,333,5.7%,40.7%,42.9%
Value,2020-04-29 05:28:39,5,23,3,9518,47385,632,21,4,22797,317,7.2%,40.6%,42.9%
Value,2020-04-29 05:30:05,4,23,3,2050,47385,734,16,3,22824,341,10.6%,40.6%,42.9%
Value,2020-04-29 05:31:32,4,23,3,1490,47385,746,15,12,22822,342,5.1%,40.8%,42.9%
Value,2020-04-29 05:32:54,12,23,3,2852,47385,793,25,14,22929,428,3.0%,40.6%,42.9%
Value,2020-04-29 05:34:18,6,23,3,4018,47385,935,27,17,22878,361,8.9%,40.6%,43.8%
Value,2020-04-29 05:35:44,7,23,4,1687,47385,923,23,14,22973,453,5.2%,40.6%,43.8%
Value,2020-04-29 05:37:06,9,23,4,1481,47385,969,20,11,22900,370,2.5%,40.8%,43.8%
Value,2020-04-29 05:38:33,7,23,4,1921,47385,1019,19,11,22917,381,4.1%,40.6%,43.8%
Value,2020-04-29 05:39:56,5,23,4,1689,47385,966,24,5,22976,432,3.6%,40.6%,43.8%
Value,2020-04-29 05:41:18,10,23,4,2142,47385,1021,19,7,22949,403,10.4%,40.6%,43.8%
Value,2020-04-29 05:42:40,8,23,4,2566,47385,1057,15,3,22880,325,6.4%,40.7%,43.8%
Value,2020-04-29 05:44:03,6,23,4,1933,47385,1107,21,13,22934,382,4.6%,40.6%,42.9%
Value,2020-04-29 05:45:26,7,23,4,1712,47385,1134,36,10,22933,353,5.7%,40.6%,42.9%
Value,2020-04-29 05:46:49,5,23,4,5274,47385,1217,53,10,22953,349,9.1%,40.6%,42.9%
Value,2020-04-29 05:48:11,4,23,4,1566,47385,1261,74,4,22976,341,4.7%,40.6%,42.9%
Value,2020-04-29 05:49:36,5,23,4,731,47385,1263,70,4,23008,368,4.9%,40.6%,42.9%
Value,2020-04-29 05:50:59,6,23,4,773,47385,1277,73,4,23019,365,5.1%,40.6%,42.9%
Value,2020-04-29 05:52:22,5,23,4,112,47385,1277,70,4,23002,344,10.1%,40.6%,42.9%
Value,2020-04-29 05:53:47,4,23,4,69,47385,1277,72,5,23014,333,5.9%,40.6%,42.9%
Value,2020-04-29 05:55:23,4,23,4,48,47385,1281,67,4,23052,359,8.0%,40.6%,42.9%
Value,2020-04-29 05:56:46,5,23,4,2323,47385,1317,63,4,23037,327,4.2%,40.6%,42.9%
Value,2020-04-29 05:58:08,4,23,4,75,47385,1306,73,6,23060,339,5.2%,40.6%,42.9%
Value,2020-04-29 05:59:32,4,23,4,242,47385,1312,71,6,23063,329,6.9%,40.6%,42.9%
Value,2020-04-29 06:00:55,0.0%,"'3128': 0, '443': 0, '80': 0, '8000': 0, '8080': 0",0%,Forward,Off,Enabled,7.6%,40.6%,42.9%
Value,2020-04-29 06:02:18,5,23,5,221,47385,1311,65,4,23065,315,3.5%,40.6%,42.9%
Value,2020-04-29 06:03:44,1.67%,"'3128': 0, '443': 0, '80': 0, '8000': 0, '8080': 0",0%,Forward,Off,Enabled,7.8%,40.6%,42.9%
Value,2020-04-29 06:05:05,4,23,5,101,47385,1313,71,8,23129,345,9.2%,40.6%,43.8%
Value,2020-04-29 06:06:27,4,23,5,119,47385,1316,71,7,23118,329,3.8%,40.6%,43.8%
Value,2020-04-29 06:07:49,4,23,5,135,47385,1315,64,6,23117,315,6.7%,40.6%,43.8%
Value,2020-04-29 06:09:16,4,23,5,524,47385,1329,72,6,23162,331,11.1%,40.6%,43.8%
Value,2020-04-29 06:10:38,1.67%,"'3128': 0, '443': 0, '80': 0, '8000': 0, '8080': 0",0%,Forward,Off,Enabled,5.4%,40.6%,43.8%
Value,2020-04-29 06:12:00,5,23,5,721,47385,1342,78,6,23180,332,3.7%,40.6%,43.8%
Value,2020-04-29 06:13:25,6,23,5,138,47385,1325,91,6,23217,370,4.2%,40.6%,43.8%
Value,2020-04-29 06:14:49,7,23,5,1565,47385,1355,72,11,23209,371,7.1%,40.6%,43.8%
Value,2020-04-29 06:16:09,7,23,5,577,47385,1357,64,10,23217,371,4.4%,40.6%,43.8%
Value,2020-04-29 06:17:33,4,23,5,60,47385,1352,61,9,23219,363,2.8%,40.6%,43.8%
Value,2020-04-29 06:18:57,3.33%,"'3128': 0, '443': 0, '80': 0, '8000': 0, '8080': 0",0%,Forward,Off,Enabled,9.6%,40.6%,43.8%
Value,2020-04-29 06:20:18,1.67%,"'3128': 0, '443': 0, '80': 0, '8000': 0, '8080': 0",0%,Forward,Off,Enabled,8.6%,40.5%,43.8%
Value,2020-04-29 06:21:40,8,19,5,252,47385,1386,60,5,23214,336,6.2%,40.5%,43.8%
Value,2020-04-29 06:23:04,6,19,5,90,47385,1339,64,5,23216,327,5.0%,40.5%,43.8%
Value,2020-04-29 06:24:27,4,19,5,200,47385,1320,65,6,23242,348,7.6%,40.5%,42.9%
Value,2020-04-29 06:25:51,4,19,6,301,47385,1303,60,6,23216,323,9.1%,40.5%,42.9%
Value,2020-04-29 06:27:17,4,19,5,62,47385,1266,66,6,23291,376,2.5%,40.6%,42.9%
Value,2020-04-29 06:28:44,4,19,5,368,36764,1078,69,5,23270,337,8.7%,40.6%,42.9%
Value,2020-04-29 06:30:05,5,19,5,672,36764,1034,65,5,23283,348,6.4%,40.6%,43.8%
Value,2020-04-29 06:31:30,1.67%,"'3128': 0, '443': 0, '80': 0, '8000': 0, '8080': 0",0%,Off,Enabled,Non-inline,5.0%,40.6%,43.8%
Value,2020-04-29 06:32:53,9,18,6,598,36764,979,70,14,23483,519,6.2%,40.6%,43.8%
Value,2020-04-29 06:34:16,6,18,5,699,36764,898,71,10,23401,411,10.8%,40.6%,43.8%
Value,2020-04-29 06:35:41,1.67%,"'3128': 0, '443': 0, '80': 0, '8000': 0, '8080': 0",0%,Forward,Off,Enabled,3.5%,40.6%,43.8%
Value,2020-04-29 06:37:04,5,18,5,2754,36764,924,61,8,23352,336,11.3%,40.6%,43.8%
Value,2020-04-29 06:38:31,5,18,5,194,36764,866,63,6,23434,400,6.6%,40.6%,43.8%
Value,2020-04-29 06:39:53,7,18,5,3907,36764,903,64,8,23388,345,5.7%,40.6%,42.9%
Value,2020-04-29 06:41:15,6,18,5,12557,37118,1244,62,16,23390,345,3.5%,40.6%,42.9%
Value,2020-04-29 06:42:39,6,18,5,381,37118,1013,60,15,23444,388,6.6%,40.6%,42.9%
Value,2020-04-29 06:44:01,5,18,5,1045,37118,1008,44,19,23444,401,4.1%,40.6%,42.9%
Value,2020-04-29 06:45:22,6,18,5,219,37118,995,39,16,23558,518,6.3%,40.6%,42.9%
Value,2020-04-29 06:46:47,7,18,5,1830,37118,937,30,14,23481,437,4.2%,40.7%,42.9%
Value,2020-04-29 06:48:10,5,18,5,1275,37118,930,37,21,23499,448,8.7%,40.6%,42.9%
Value,2020-04-29 06:49:31,8,18,5,417,37118,929,21,17,23492,424,7.9%,40.6%,42.9%
Value,2020-04-29 06:50:55,4,18,5,143,37118,918,20,13,23488,402,7.7%,40.6%,42.9%
Value,2020-04-29 06:52:17,4,18,5,87,37118,930,16,6,23500,393,3.3%,40.6%,42.9%
Value,2020-04-29 06:53:39,6,18,5,7371,41302,1048,8,10,23607,487,5.7%,40.6%,42.9%
Value,2020-04-29 06:55:01,6,18,5,2903,41302,1135,6,14,23593,465,5.7%,40.6%,42.9%
Value,2020-04-29 06:56:22,6,18,5,422,41302,1076,6,14,23540,399,12.3%,40.6%,42.9%
Value,2020-04-29 06:57:45,11,18,5,1574,41302,1103,8,21,23748,593,8.9%,40.6%,42.9%
Value,2020-04-29 06:59:08,11,18,6,3486,41302,1221,10,15,23645,477,6.6%,40.6%,42.9%
Value,2020-04-29 07:00:33,7,18,6,1598,41302,1206,19,5,23653,461,6.0%,40.6%,42.9%
Value,2020-04-29 07:01:56,6,18,6,434,41302,1201,18,6,23635,437,7.3%,40.6%,42.9%
Value,2020-04-29 07:03:20,5,18,6,290,41302,1219,13,4,23571,365,4.6%,40.6%,42.9%
Value,2020-04-29 07:04:40,4,18,6,2760,41302,1259,11,3,23562,354,4.4%,40.6%,42.9%
Value,2020-04-29 07:06:05,3,18,6,109,41302,1245,11,4,23579,356,4.8%,40.6%,42.9%
Value,2020-04-29 07:07:26,6,18,6,122,41302,1245,6,4,23561,323,4.0%,40.6%,42.9%
Value,2020-04-29 07:08:52,4,18,6,711,41302,1248,14,5,23606,349,6.1%,40.6%,42.9%
Value,2020-04-29 07:10:16,7,18,6,930,41302,1282,12,11,23656,388,5.2%,40.6%,43.9%
Value,2020-04-29 07:11:39,4,18,6,141,41302,1274,21,10,23661,377,7.6%,40.6%,43.9%
Value,2020-04-29 07:13:07,9,18,6,654,41302,1286,21,15,23725,433,2.7%,40.6%,43.9%
Value,2020-04-29 07:14:34,5,18,6,2105,41302,1336,15,16,23675,386,8.9%,40.6%,42.9%
Value,2020-04-29 07:15:56,4,18,6,93,41302,1320,13,13,23722,409,5.4%,40.6%,42.9%
Value,2020-04-29 07:17:18,6,18,6,207,41302,1327,25,16,23750,418,10.2%,40.6%,42.9%
Value,2020-04-29 07:18:42,4,18,6,5833,41302,1190,22,17,23767,433,6.2%,40.7%,42.9%
Value,2020-04-29 07:20:06,3.33%,"'3128': 0, '443': 0, '80': 0, '8000': 0, '8080': 0",0%,Forward,Off,Enabled,5.5%,40.6%,42.9%
Value,2020-04-29 07:21:30,4,18,6,1506,41302,1391,26,16,23770,417,3.8%,40.6%,42.9%
Value,2020-04-29 07:22:54,5,18,6,1617,41302,1411,18,15,23743,388,5.9%,40.6%,42.9%
Value,2020-04-29 07:24:18,5,18,6,1144,41302,1450,24,18,23762,400,5.2%,40.6%,42.9%
Value,2020-04-29 07:25:41,3,18,6,79,41302,1438,16,17,23750,377,8.5%,40.6%,42.9%
Value,2020-04-29 07:27:02,4,18,6,1376,41302,1467,20,17,23764,372,6.7%,40.6%,42.9%
Value,2020-04-29 07:28:26,2,18,6,255,41302,1457,30,15,23832,407,4.5%,40.6%,42.9%
Value,2020-04-29 07:29:47,8,18,6,1601,41302,1506,29,15,23910,478,4.0%,40.6%,42.9%
Value,2020-04-29 07:31:13,5,18,6,1405,41302,1541,31,8,23925,473,10.0%,40.6%,42.9%
Value,2020-04-29 07:32:38,2,18,6,893,41302,1547,24,10,23896,435,7.4%,40.6%,42.9%
Value,2020-04-29 07:34:06,2,18,5,93183,522423,4621,16,9,23908,433,3.4%,40.6%,42.9%
Value,2020-04-29 07:35:31,4,18,5,1372,522423,3085,24,13,23984,489,5.0%,40.7%,43.9%
Value,2020-04-29 07:36:58,6,18,5,381,522423,3053,20,11,24011,495,6.8%,40.7%,43.9%
Value,2020-04-29 07:38:22,3,18,5,696,522423,3064,37,25,24029,494,6.3%,40.7%,43.9%
Value,2020-04-29 07:39:47,3,18,5,766,522423,3037,30,28,24014,479,6.6%,40.7%,42.9%
Value,2020-04-29 07:41:11,4,18,5,225,522423,2825,36,25,24032,478,6.0%,40.7%,42.9%
Value,2020-04-29 07:42:51,4,18,5,1118,522423,2835,35,21,24063,498,6.1%,40.6%,42.9%
Value,2020-04-29 07:44:16,3,18,5,1214,522423,2813,31,11,24085,516,4.9%,40.8%,42.9%
Value,2020-04-29 07:45:40,4,18,5,1355,522423,2836,17,12,24082,509,3.5%,40.8%,42.9%
Value,2020-04-29 07:47:04,3,18,5,1234,522423,2833,20,16,24083,502,4.0%,40.6%,42.9%
Value,2020-04-29 07:48:30,5,18,5,420,522423,2802,26,16,24101,513,7.7%,40.6%,42.9%
Value,2020-04-29 07:49:54,3,18,5,2530,522423,2842,22,17,24095,509,7.0%,40.6%,42.9%
Value,2020-04-29 07:51:21,15,26,5,3673,522423,2931,22,14,24188,588,6.6%,40.6%,42.9%
Value,2020-04-29 07:52:50,5,27,5,1165,522423,3088,21,9,24198,586,7.2%,40.6%,42.9%
Value,2020-04-29 07:54:15,4,27,5,1780,522423,2888,20,10,24223,579,10.9%,40.7%,42.9%
Value,2020-04-29 07:55:40,5,27,5,2001,522423,2933,18,11,24249,590,6.7%,40.7%,42.9%
Value,2020-04-29 07:57:04,6,27,5,1769,522423,2953,15,13,24264,596,5.1%,40.6%,42.9%
Value,2020-04-29 07:58:26,9,27,5,2156,522423,2931,20,13,24327,638,3.4%,40.6%,42.9%
Value,2020-04-29 07:59:49,5,27,5,736,522423,2918,18,11,24296,590,6.7%,40.6%,42.9%
Value,2020-04-29 08:01:14,10,27,5,1155,522423,2928,28,11,24328,608,5.1%,40.6%,42.9%
Value,2020-04-29 08:02:37,4,27,5,659,522423,2913,19,14,24296,562,6.6%,40.6%,42.9%
Value,2020-04-29 08:04:05,3,27,5,19527,522423,3543,20,19,24305,569,6.7%,40.6%,42.9%
Value,2020-04-29 08:05:30,5,27,5,1242,522423,3277,26,19,24344,596,5.1%,40.6%,43.9%
Value,2020-04-29 08:06:55,4,27,5,2206,522423,3311,23,14,24349,592,6.6%,40.6%,43.9%
Value,2020-04-29 08:08:18,5,27,5,5426,522423,3470,20,13,24370,594,4.4%,40.6%,43.9%
Value,2020-04-29 08:09:44,5,27,5,3709,522423,3493,21,16,24433,641,8.9%,40.6%,42.9%
Value,2020-04-29 08:11:10,9,27,5,3791,522423,3633,26,17,24467,668,4.4%,40.6%,42.9%
Value,2020-04-29 08:12:36,13,27,5,1787,522423,3622,41,40,24661,850,7.6%,40.6%,42.9%
Value,2020-04-29 08:14:00,19,28,6,5055,522423,3754,29,45,24572,744,5.3%,40.6%,42.9%
Value,2020-04-29 08:15:23,11,28,6,11287,522423,3883,18,33,24582,737,3.7%,40.6%,42.9%
Value,2020-04-29 08:16:46,5.0%,"'3128': 0, '443': 0, '80': 0, '8000': 0, '8080': 0",0%,Forward,Off,Enabled,10.5%,40.7%,42.9%
Value,2020-04-29 08:18:10,15,28,6,10733,522423,4004,23,22,24767,865,7.4%,40.6%,42.9%
Value,2020-04-29 08:19:35,17,28,6,1764,522423,4039,29,49,24785,884,6.2%,40.7%,42.9%
Value,2020-04-29 08:20:59,3.33%,"'3128': 0, '443': 0, '80': 0, '8000': 0, '8080': 0",0%,Forward,Off,Enabled,7.4%,40.7%,42.9%
Value,2020-04-29 08:22:23,13,28,7,3191,522423,4087,27,44,24794,883,4.9%,40.7%,42.9%
Value,2020-04-29 08:23:47,13,28,7,3588,522423,4124,42,32,25003,1068,13.3%,40.7%,42.9%
Value,2020-04-29 08:25:13,16,28,7,5596,522423,4281,34,15,24990,1030,8.3%,40.7%,42.9%
Value,2020-04-29 08:26:42,14,28,7,5327,522423,4316,33,18,25003,1025,7.4%,40.7%,42.9%
Value,2020-04-29 08:28:07,16,28,8,3595,522423,4375,34,22,25012,1015,6.6%,40.7%,42.9%
Value,2020-04-29 08:29:31,24,33,8,6436,522423,4496,36,18,25017,1000,11.5%,40.7%,42.9%
Value,2020-04-29 08:30:55,15,33,8,1568,522423,4474,36,18,25169,1125,7.9%,40.7%,42.9%
Value,2020-04-29 08:32:22,17,33,9,2806,522423,4523,35,13,25271,1203,8.1%,40.7%,42.9%
Value,2020-04-29 08:33:51,19,33,9,2315,112065,3101,34,26,25235,1163,9.4%,40.7%,42.9%
Value,2020-04-29 08:35:18,15,33,9,3148,112065,3171,28,27,25259,1178,10.7%,40.7%,42.9%
Value,2020-04-29 08:36:45,19,33,10,20610,112065,3514,16,24,25226,1126,10.1%,40.7%,42.9%
Value,2020-04-29 08:38:15,23,33,10,3559,112065,3587,35,20,25298,1165,9.5%,40.7%,42.9%
Value,2020-04-29 08:39:43,16,33,10,5199,112065,3702,26,17,25250,1112,6.6%,40.7%,42.9%
Value,2020-04-29 08:41:13,23,33,11,1782,112065,3752,38,19,25400,1242,7.1%,40.7%,42.9%
Value,2020-04-29 08:42:40,8.33%,"'3128': 0, '443': 0, '80': 0, '8000': 0, '8080': 0",0%,Forward,Off,Enabled,11.1%,40.7%,42.9%
Value,2020-04-29 08:44:06,17,38,12,1911,112065,3842,27,27,25375,1193,8.6%,40.7%,42.9%
Value,2020-04-29 08:45:35,20,38,12,2594,112065,3997,28,19,25415,1215,8.2%,40.7%,42.9%
Value,2020-04-29 08:47:08,17,38,12,2980,112065,4032,31,27,25452,1232,8.5%,40.7%,42.9%
Value,2020-04-29 08:48:47,13,38,12,4346,112065,4115,26,18,25360,1115,6.1%,40.7%,42.9%
Value,2020-04-29 08:50:16,12,38,13,1836,112065,4102,13,18,25430,1178,15.0%,40.9%,43.9%
Value,2020-04-29 08:51:49,22,38,13,3635,112065,4079,25,16,25549,1272,10.1%,40.7%,43.9%
Value,2020-04-29 08:53:21,24,38,13,9687,112065,4373,26,17,25612,1338,13.3%,40.7%,43.9%
Value,2020-04-29 08:54:51,17,38,13,12330,112065,4429,22,18,25623,1340,11.5%,40.8%,43.9%
Value,2020-04-29 08:56:23,26,38,14,2967,112065,4560,24,18,25708,1410,16.3%,40.8%,43.9%
Value,2020-04-29 08:57:54,20,38,14,9690,112065,4695,42,25,25640,1329,9.6%,40.8%,43.9%
Value,2020-04-29 08:59:30,17,38,15,10168,112065,4867,28,16,25704,1382,10.5%,40.8%,43.9%
Value,2020-04-29 09:01:04,19,38,15,5132,112065,4999,34,15,25857,1519,6.1%,40.8%,43.9%
Value,2020-04-29 09:02:41,8.33%,"'3128': 0, '443': 0, '80': 0, '8000': 0, '8080': 0",0%,Forward,Off,Enabled,8.0%,40.8%,43.9%
Value,2020-04-29 09:04:14,28,38,16,6397,105684,4875,68,38,25975,1582,18.7%,40.8%,43.9%
Value,2020-04-29 09:05:45,24,51,16,16717,105684,5331,53,36,26072,1676,8.4%,40.8%,43.9%
Value,2020-04-29 09:07:15,27,51,17,10263,105684,5426,85,42,26095,1644,10.9%,40.8%,43.9%
Value,2020-04-29 09:08:40,21,51,17,13406,105684,5588,95,37,26156,1679,10.8%,40.8%,43.9%
Value,2020-04-29 09:10:14,19,51,18,9825,105684,5625,82,31,26133,1646,11.9%,40.8%,42.9%
Value,2020-04-29 09:11:44,16,51,18,6294,105684,5680,90,32,26233,1724,6.5%,40.8%,42.9%
Value,2020-04-29 09:13:17,16,51,18,9678,105684,5823,159,28,26373,1751,11.3%,40.8%,42.9%
Value,2020-04-29 09:14:44,15,51,18,4606,105684,5946,72,20,26259,1717,7.2%,40.8%,42.9%
Value,2020-04-29 09:16:11,10.0%,"'3128': 0, '443': 0, '80': 0, '8000': 0, '8080': 0",0%,Forward,Off,Enabled,14.3%,40.8%,43.9%
Value,2020-04-29 09:17:40,6.67%,"'3128': 0, '443': 0, '80': 0, '8000': 0, '8080': 0",0%,Forward,Off,Enabled,12.0%,40.8%,43.9%
Value,2020-04-29 09:19:12,14,51,18,12033,105684,6109,33,28,26232,1679,8.7%,40.8%,43.9%
Value,2020-04-29 09:20:44,16,51,18,3142,105684,5977,62,18,26285,1682,9.8%,40.8%,43.9%
Value,2020-04-29 09:22:16,13,51,18,3343,105684,6028,33,14,26198,1598,14.5%,40.8%,43.9%
Value,2020-04-29 09:23:45,13,51,18,4730,105684,6120,35,23,26273,1670,9.1%,40.8%,43.9%
Value,2020-04-29 09:25:15,14,51,18,12109,105684,6368,42,22,26297,1677,9.7%,40.8%,43.9%
Value,2020-04-29 09:26:45,17,51,18,14063,105684,6354,26,20,26237,1612,10.4%,40.8%,43.9%
Value,2020-04-29 09:28:12,10,51,17,4213,105684,6335,31,21,26199,1560,9.5%,40.8%,43.9%
Value,2020-04-29 09:29:42,18,51,17,28216,105684,6832,35,25,26248,1593,12.3%,40.8%,43.9%
Value,2020-04-29 09:31:07,13,51,17,8778,105684,7246,19,18,26337,1663,6.9%,40.1%,43.9%
Value,2020-04-29 09:32:36,15,51,17,10632,105684,7301,33,20,26422,1717,8.3%,40.8%,43.9%
Value,2020-04-29 09:34:02,21,51,17,19779,105684,7755,39,51,26367,1681,9.2%,40.8%,43.9%
Value,2020-04-29 09:35:30,12,51,17,13403,105684,7775,32,50,26423,1719,10.7%,40.8%,43.9%
Value,2020-04-29 09:36:55,17,51,17,18277,58935,7871,28,38,26500,1769,8.5%,40.9%,43.9%
Value,2020-04-29 09:38:21,17,51,17,57214,250043,9610,34,37,26484,1719,6.8%,40.9%,43.9%
Value,2020-04-29 09:39:55,14,51,17,21971,250043,9415,32,32,26451,1681,12.1%,40.8%,43.9%
Value,2020-04-29 09:41:31,20,51,17,11051,250043,9682,54,34,26576,1776,8.8%,40.8%,43.0%
Value,2020-04-29 09:42:59,17,51,17,15776,250043,9896,74,56,26608,1799,8.2%,40.9%,43.0%
Value,2020-04-29 09:44:26,16,51,17,3955,250043,9866,44,60,26625,1846,15.0%,40.9%,43.0%
Value,2020-04-29 09:45:56,18,51,17,14264,250043,10107,30,28,26595,1781,13.3%,40.8%,43.0%
Value,2020-04-29 09:47:24,18,51,17,7255,250043,10288,43,32,26649,1808,7.3%,40.8%,43.0%
Value,2020-04-29 09:49:02,12,51,17,6273,250043,10404,32,24,26648,1795,7.0%,40.9%,43.0%
Value,2020-04-29 09:50:38,13,51,17,3537,250043,10356,45,24,26636,1760,21.1%,40.8%,43.9%
Value,2020-04-29 09:52:13,15,51,17,8085,250043,10310,144,22,26738,1757,8.3%,40.8%,43.9%
Value,2020-04-29 09:53:40,17,51,17,4972,250043,10321,105,18,26735,1777,11.7%,40.9%,43.9%
Value,2020-04-29 09:55:11,15,51,17,3900,250043,10087,133,25,26887,1893,9.1%,40.9%,43.0%
Value,2020-04-29 09:56:41,23,51,17,8450,250043,10170,111,30,26959,1980,12.9%,40.8%,43.0%
Value,2020-04-29 09:58:16,21,51,17,12789,250043,10384,147,46,26915,1914,6.7%,40.8%,43.0%
Value,2020-04-29 09:59:49,17,51,17,6789,250043,10358,109,41,26888,1899,9.7%,40.8%,43.0%
Value,2020-04-29 10:01:35,21,51,17,10968,250043,10498,77,38,26890,1912,12.4%,40.8%,43.0%
Value,2020-04-29 10:03:08,21,51,17,7561,250043,10648,58,36,27082,2089,9.1%,40.8%,43.0%
Value,2020-04-29 10:04:42,21,43,17,4403,250043,10376,98,58,26987,1988,9.5%,40.8%,43.0%
Value,2020-04-29 10:06:15,16,43,16,3693,250043,10174,90,49,26884,1862,10.9%,40.9%,43.0%
Value,2020-04-29 10:07:44,15,36,16,2340,250043,10042,60,43,26998,1967,8.5%,40.8%,43.0%
Value,2020-04-29 10:09:14,22,36,16,8920,250043,10083,69,36,27014,1962,8.3%,40.8%,43.0%
Value,2020-04-29 10:10:53,22,36,16,11394,250043,10068,82,36,27048,1971,8.5%,40.8%,43.0%
Value,2020-04-29 10:12:27,10.0%,"'3128': 0, '443': 0, '80': 0, '8000': 0, '8080': 0",0%,Forward,Off,Enabled,13.6%,40.8%,43.0%
Value,2020-04-29 10:13:59,6.67%,"'3128': 0, '443': 0, '80': 0, '8000': 0, '8080': 0",0%,Forward,Off,Enabled,11.3%,40.8%,43.0%
Value,2020-04-29 10:15:35,19,36,17,4973,250043,10004,76,43,27204,2079,9.7%,40.8%,43.0%
Value,2020-04-29 10:17:04,15,36,17,16973,250043,10439,80,39,27249,2103,7.4%,40.8%,43.0%
Value,2020-04-29 10:18:35,18,36,17,5980,250043,10112,75,40,27298,2130,8.2%,40.8%,43.0%
Value,2020-04-29 10:20:08,17,36,17,8279,250043,10295,79,34,27258,2065,8.1%,40.8%,43.0%
Value,2020-04-29 10:21:40,15,36,17,1592,250043,10133,85,25,27354,2149,12.3%,40.9%,43.9%
Value,2020-04-29 10:23:22,15,36,17,1368,250043,10090,84,28,27398,2186,10.8%,40.8%,43.9%
Value,2020-04-29 10:24:59,13,36,17,2634,250043,9895,79,25,27416,2186,8.7%,40.8%,43.9%
Value,2020-04-29 10:26:28,17,36,17,5422,250043,9850,74,23,27478,2250,8.7%,40.8%,43.9%
Value,2020-04-29 10:28:07,14,36,17,5866,262973,10390,83,20,27372,2123,9.1%,40.8%,43.9%
Value,2020-04-29 10:29:45,15,36,17,1971,262973,9955,89,38,27476,2225,9.9%,40.9%,43.9%
Value,2020-04-29 10:31:22,18,36,18,4135,262973,9779,71,29,27589,2333,8.1%,40.8%,43.0%
Value,2020-04-29 10:32:58,19,36,18,5059,262973,9769,71,50,27509,2256,11.0%,40.8%,43.0%
Value,2020-04-29 10:34:39,15,36,17,2729,262973,9328,75,43,27544,2266,10.1%,40.9%,43.0%
Value,2020-04-29 10:36:15,13,36,17,4192,262973,8826,73,41,27629,2315,13.5%,40.8%,43.0%
Value,2020-04-29 10:37:45,16,36,17,4849,262973,7966,80,46,27677,2357,7.6%,40.8%,43.0%
Value,2020-04-29 10:39:17,26,37,18,5734,262973,7273,74,31,27731,2391,14.3%,40.8%,43.0%
Value,2020-04-29 10:40:52,22,37,18,7547,262973,7214,79,31,27756,2404,8.6%,40.9%,43.0%
Value,2020-04-29 10:42:33,23,37,18,5032,262973,6942,71,28,27696,2340,10.1%,40.8%,43.0%
Value,2020-04-29 10:44:13,8.33%,"'3128': 0, '443': 0, '80': 0, '8000': 0, '8080': 0",0%,Forward,Off,Enabled,10.7%,40.8%,43.0%
Value,2020-04-29 10:45:53,18,37,18,24400,262973,7217,70,15,27524,2136,20.1%,40.8%,44.0%
Value,2020-04-29 10:47:24,21,37,18,7951,262973,7140,70,13,27532,2125,8.7%,40.8%,44.0%
Value,2020-04-29 10:49:01,26,38,19,6956,262973,7138,74,22,27628,2204,9.6%,40.8%,44.0%
Value,2020-04-29 10:50:36,21,38,19,3208,262973,7119,78,21,27716,2281,11.8%,40.8%,44.0%
Value,2020-04-29 10:52:07,24,38,19,3564,262973,7084,70,28,27918,2479,7.5%,40.9%,44.0%
Value,2020-04-29 10:53:42,19,38,19,4537,262973,7319,53,33,27791,2360,16.1%,41.1%,44.0%
Value,2020-04-29 10:55:25,8.33%,"'3128': 0, '443': 0, '80': 0, '8000': 0, '8080': 0",0%,Forward,Off,Enabled,11.9%,40.8%,44.0%
Value,2020-04-29 10:57:01,12,38,19,12348,262973,7688,61,28,27830,2348,10.6%,40.8%,44.0%
Value,2020-04-29 10:58:26,19,38,19,1485,262973,7400,60,45,27946,2465,13.4%,40.8%,44.0%
Value,2020-04-29 10:59:56,19,38,19,4902,262973,7384,88,61,28053,2559,6.3%,40.9%,44.0%
Value,2020-04-29 11:54:17,16,32,16,4857,57349,6214,35,27,28494,2477,10.3%,40.9%,44.0%
Value,2020-04-29 12:23:35,27,36,17,11850,115235,7107,55,28,28738,2447,11.5%,41.0%,43.0%
Value,2020-04-29 12:25:49,20,36,17,107397,585910,8889,59,41,28706,2414,10.7%,41.2%,43.0%
Value,2020-04-29 12:27:59,12,36,17,3892,585910,8803,34,32,28712,2419,10.5%,41.0%,43.0%
Value,2020-04-29 12:30:41,13,36,17,3191,585910,8661,54,16,28762,2427,8.9%,40.9%,43.0%
Value,2020-04-29 12:32:59,13,36,17,3876,585910,8506,42,18,28633,2290,9.6%,41.0%,43.0%
Value,2020-04-29 12:35:09,16,36,17,3371,585910,8439,52,19,28751,2401,8.2%,41.0%,43.0%
Value,2020-04-29 12:37:22,20,36,17,4168,585910,8278,59,29,28735,2368,9.2%,40.9%,43.0%
Value,2020-04-29 12:40:10,13,36,17,9609,585910,8266,42,18,28608,2213,7.9%,40.9%,43.0%
Value,2020-04-29 12:42:11,17,36,17,2617,585910,8092,54,23,28650,2252,10.4%,41.0%,43.0%
Value,2020-04-29 12:44:04,16,36,17,4852,585910,7947,46,29,28700,2258,6.8%,40.9%,43.0%
Value,2020-04-29 12:46:05,14,36,17,6373,585910,7926,38,32,28707,2256,6.8%,39.8%,43.0%
Value,2020-04-29 12:48:16,19,36,17,3843,585910,7729,51,29,28673,2196,7.9%,41.0%,44.0%
Value,2020-04-29 12:50:15,23,36,17,7862,585910,7834,62,23,28759,2248,8.2%,41.0%,44.0%
Value,2020-04-29 12:52:07,13,40,17,4546,585910,7926,50,27,28784,2268,7.4%,41.0%,44.0%
Value,2020-04-29 12:54:16,21,40,17,5198,585910,7948,56,36,28835,2288,7.5%,41.0%,44.0%
Value,2020-04-29 14:51:01,21,40,19,8509,78579,5480,45,28,29799,2140,9.3%,40.9%,43.9%
Value,2020-04-29 14:52:41,18,40,19,1559,78579,5223,43,24,29837,2171,9.7%,40.9%,42.9%
Value,2020-04-29 14:54:20,19,40,19,24014,78579,5604,47,22,29725,2037,18.8%,40.9%,42.9%
Value,2020-04-29 14:56:00,20,40,19,7071,78579,5715,46,19,29735,2019,11.1%,40.9%,42.9%
Value,2020-04-29 14:57:53,25,40,19,13966,78579,5759,38,32,29827,2106,9.1%,40.9%,42.9%
Value,2020-04-29 14:59:47,21,40,20,6275,78579,5832,52,30,29861,2113,11.2%,40.9%,42.9%
Value,2020-04-29 15:01:49,24,40,20,6164,78579,6016,47,26,29968,2207,8.3%,40.9%,42.9%
Value,2020-04-29 15:03:42,8.33%,"'3128': 0, '443': 0, '80': 0, '8000': 0, '8080': 0",0%,Forward,Off,Enabled,10.7%,40.9%,42.9%
Value,2020-04-29 15:05:23,6.67%,"'3128': 0, '443': 0, '80': 0, '8000': 0, '8080': 0",0%,Forward,Off,Enabled,8.1%,40.9%,42.9%
Value,2020-04-29 15:07:18,16,40,20,5530,78579,6511,60,14,29925,2094,14.3%,40.9%,42.9%
Value,2020-04-29 15:09:17,18,40,20,6108,78579,6625,60,13,29976,2126,13.3%,40.9%,42.9%
Value,2020-04-29 15:11:07,17,40,20,6614,54995,6623,61,17,29944,2070,13.9%,40.9%,42.9%
Value,2020-04-29 15:12:58,20,40,20,8597,54995,6627,72,15,29911,1998,11.3%,40.9%,43.8%
Value,2020-04-29 15:14:37,16,40,20,4617,54995,6671,69,12,29889,1969,7.4%,40.9%,43.8%
Value,2020-04-29 15:16:36,14,40,19,8099,54995,6745,74,19,29905,1980,7.3%,40.9%,43.8%
Value,2020-04-29 15:18:19,20,40,19,13795,54995,6930,78,19,29987,2037,8.1%,40.9%,43.8%
Value,2020-04-29 15:20:13,16,33,19,5083,54995,6944,73,23,30000,2057,6.7%,40.9%,43.8%
Value,2020-04-29 15:22:32,14,33,19,2008,54995,6654,68,21,30041,2063,9.1%,40.9%,43.8%
Value,2020-04-29 15:26:08,17,41,19,7342,54995,6642,62,11,30098,2063,8.9%,40.9%,43.8%
Value,2020-04-29 15:28:00,30,41,19,4460,54995,6389,76,17,30116,2057,7.6%,40.9%,43.8%
Value,2020-04-29 15:29:41,18,41,19,6140,54995,6219,80,17,30063,1991,9.8%,40.9%,43.8%
Value,2020-04-29 15:31:39,16,41,19,1284,54995,6102,78,28,30203,2125,10.6%,40.9%,43.8%
Value,2020-04-29 15:33:33,20,41,19,12736,56089,6288,82,32,30246,2152,7.3%,41.0%,43.8%
Value,2020-04-29 15:35:50,20,41,19,10675,56089,6448,74,19,30180,2043,8.0%,40.9%,43.8%
Value,2020-04-29 15:37:48,20,41,19,2826,56089,6387,59,22,30110,1967,13.9%,40.9%,43.8%
Value,2020-04-29 15:39:46,22,41,19,4318,56089,6346,65,20,30203,2024,9.8%,40.9%,43.8%
Value,2020-04-29 15:41:30,20,41,19,1805,56089,6359,70,24,30288,2096,8.7%,40.9%,43.8%
Value,2020-04-29 15:43:36,20,41,19,2422,56089,6368,66,18,30270,2044,5.9%,40.9%,43.8%
Value,2020-04-29 15:45:41,18,41,19,1770,56089,6309,67,26,30310,2071,12.8%,40.9%,43.8%
Value,2020-04-29 15:47:37,22,41,19,4504,56089,6246,64,24,30365,2124,9.8%,40.9%,43.8%
Value,2020-04-29 15:49:20,33,49,19,4473,56089,6125,74,29,30423,2159,7.9%,41.0%,43.8%
Value,2020-04-29 15:51:22,19,49,19,8990,56089,6222,71,27,30341,2069,6.1%,41.0%,43.8%
Value,2020-04-29 17:52:55,12,35,17,3989,63888,9169,26,15,31470,2110,6.7%,41.0%,43.0%
Value,2020-04-29 17:54:24,11,35,17,2970,73008,9343,11,11,31463,2093,7.8%,41.0%,43.0%
Value,2020-04-29 17:55:53,15,35,16,6079,73008,9339,16,11,31562,2170,7.7%,41.0%,43.0%
Value,2020-04-29 17:57:23,17,35,17,6192,73008,9362,31,21,31661,2246,11.0%,41.0%,43.0%
Value,2020-04-29 17:58:51,14,35,16,4185,73008,9399,26,20,31585,2169,8.9%,41.0%,43.0%
Value,2020-04-29 18:00:22,14,35,16,36413,203176,9983,16,24,31484,2069,8.0%,41.0%,43.0%
Value,2020-04-29 18:01:57,11,35,16,4860,203176,9997,13,25,31490,2069,7.6%,41.2%,43.0%
Value,2020-04-29 18:03:31,16,35,16,4271,203176,9928,22,16,31580,2132,8.3%,41.1%,43.0%
Value,2020-04-29 18:04:57,10,35,16,2584,203176,9759,36,18,31554,2085,6.1%,41.1%,43.0%
Value,2020-04-29 18:06:28,11,35,16,4874,203176,9832,56,16,31627,2114,7.8%,41.1%,43.0%
Value,2020-04-29 18:08:05,11,35,16,1690,203176,9687,78,8,31594,2037,20.3%,41.2%,43.9%
Value,2020-04-29 18:09:51,10,35,16,2355,203176,9741,78,9,31630,2044,5.7%,41.2%,43.9%
Value,2020-04-29 18:11:29,14,35,16,3245,203176,9572,67,16,31639,2046,9.5%,41.2%,43.9%
Value,2020-04-29 18:13:02,9,35,15,4164,203176,9632,70,21,31663,2055,6.3%,41.2%,43.9%
Value,2020-04-29 18:14:30,9,35,15,2557,203176,9460,77,21,31676,2050,8.2%,41.2%,43.9%
Value,2020-04-29 18:16:01,12,35,15,4625,203176,9082,68,17,31653,2010,6.7%,41.2%,43.9%
Value,2020-04-29 18:17:28,11,35,15,2636,203176,8948,77,18,31728,2067,9.2%,41.2%,43.9%
Value,2020-04-29 18:18:59,11,35,15,2547,203176,8796,68,14,31683,2006,10.9%,41.2%,43.0%
Value,2020-04-29 18:20:37,13,35,14,5985,203176,8369,87,17,31660,1964,7.7%,41.3%,43.0%
Value,2020-04-29 18:22:07,11,35,14,4987,203176,8114,82,13,31653,1964,14.6%,41.4%,43.0%
Value,2020-04-29 18:23:54,7,35,14,1069,203176,7804,69,10,31563,1859,6.1%,41.2%,43.0%
Value,2020-04-29 18:25:32,7,35,13,3618,203176,7503,78,10,31564,1852,8.6%,41.2%,43.0%
Value,2020-04-29 18:26:57,9,35,13,2322,203176,7356,73,9,31490,1760,6.6%,41.2%,43.0%
Value,2020-04-29 18:28:25,12,35,13,1287,203176,6861,81,10,31555,1811,8.5%,41.2%,43.0%
Value,2020-04-29 18:29:53,12,35,13,502,203176,6688,85,8,31596,1835,8.6%,41.2%,43.0%
Value,2020-04-29 18:31:21,13,35,13,3728,203176,6379,98,21,31563,1797,13.8%,41.2%,43.0%
Value,2020-04-29 18:32:54,11,35,13,1604,203176,6304,91,22,31520,1747,10.8%,41.2%,43.0%
Value,2020-04-29 18:34:32,10,35,12,6053,203176,6098,103,25,31500,1725,9.3%,41.2%,43.0%
Value,2020-04-29 18:36:14,10,29,12,1016,203176,5502,102,21,31622,1820,5.1%,41.2%,43.0%
Value,2020-04-29 18:37:50,12,26,12,4828,203176,5443,93,23,31538,1721,8.6%,41.2%,43.0%
Value,2020-04-29 18:39:26,12,26,12,4728,203176,5154,90,41,31579,1771,14.5%,40.1%,43.9%
Value,2020-04-29 18:41:01,13,26,12,4235,203176,5023,81,35,31641,1821,11.0%,41.2%,43.9%
Value,2020-04-29 18:42:32,10,26,12,1187,203176,4917,77,26,31608,1774,11.1%,41.2%,43.9%
Value,2020-04-29 18:44:18,9,26,12,3165,203176,4624,81,14,31539,1670,10.0%,41.3%,43.9%
Value,2020-04-29 18:45:53,10,24,11,1383,203176,4490,80,8,31589,1691,7.6%,41.2%,43.9%
Value,2020-04-29 18:47:42,8,24,11,2855,203176,4312,73,10,31566,1659,7.1%,41.2%,43.9%
Value,2020-04-29 18:49:21,10,24,11,2213,203176,4219,81,17,31532,1605,6.4%,41.3%,43.9%
Value,2020-04-29 18:50:48,7,24,11,2055,203176,4197,86,17,31545,1591,9.6%,41.2%,43.9%
Value,2020-04-29 18:52:15,8,24,11,1108,203176,4139,89,16,31556,1590,6.4%,41.2%,43.9%
Value,2020-04-29 18:53:43,9,24,11,1186,203176,3912,78,11,31565,1581,9.2%,41.2%,43.0%
Value,2020-04-29 18:55:16,11,24,11,987,203176,3801,83,11,31607,1607,6.4%,41.2%,43.0%
Value,2020-04-29 18:56:45,5.0%,"'3128': 0, '443': 0, '80': 0, '8000': 0, '8080': 0",0%,Forward,Off,Enabled,6.8%,41.2%,43.0%
Value,2020-04-29 18:58:12,8,24,11,1245,203176,3589,76,9,31575,1576,6.4%,41.3%,43.0%
Value,2020-04-29 18:59:41,13,24,11,7923,203176,3676,77,9,31565,1545,17.8%,41.0%,43.0%
Value,2020-04-29 19:01:08,14,24,11,9267,55275,3251,91,20,31649,1614,6.8%,41.1%,43.0%
Value,2020-04-29 19:02:38,13,24,11,1595,55275,3153,85,24,31632,1595,7.6%,41.0%,43.0%
Value,2020-04-29 19:04:09,10,24,11,10535,55275,3402,68,20,31616,1588,7.3%,41.0%,43.0%
Value,2020-04-29 19:05:44,13,24,11,11083,55275,3339,51,10,31474,1435,8.6%,41.1%,43.0%
Value,2020-04-29 19:07:22,9,24,11,6707,55275,3396,33,6,31438,1400,13.6%,41.1%,43.0%
Value,2020-04-29 19:08:51,12,24,11,3199,55275,3335,26,6,31464,1427,9.0%,41.1%,43.9%
Value,2020-04-29 19:10:25,8,24,11,738,55275,3271,33,9,31450,1385,9.6%,41.2%,43.9%
Value,2020-04-29 19:12:00,7,24,10,1093,47962,3039,20,11,31461,1385,4.9%,41.1%,43.9%
Value,2020-04-29 19:13:38,8,24,10,1517,47962,3025,39,13,31531,1439,9.8%,41.0%,43.0%
Value,2020-04-29 19:15:19,10,24,10,3365,47962,3010,44,15,31515,1406,10.6%,41.0%,43.0%
Value,2020-04-29 19:16:55,8,24,10,1116,47962,2968,24,16,31494,1380,6.1%,41.0%,43.0%
Value,2020-04-29 19:18:27,8,24,10,1388,47962,2933,23,17,31438,1309,5.9%,41.0%,43.0%
Value,2020-04-29 19:19:56,7,24,10,1078,47962,2876,22,14,31464,1311,7.6%,41.1%,43.0%
Value,2020-04-29 19:21:21,3.33%,"'3128': 0, '443': 0, '80': 0, '8000': 0, '8080': 0",0%,Forward,Off,Enabled,9.6%,41.0%,43.0%
Value,2020-04-29 19:22:47,14,24,10,865,47962,2768,20,9,31480,1296,7.3%,41.0%,43.0%
Value,2020-04-29 19:24:11,14,24,10,1189,47962,2775,47,10,31598,1387,6.2%,41.0%,43.0%
Value,2020-04-29 19:25:39,19,24,11,2707,47962,2768,28,17,31516,1305,7.4%,41.0%,43.0%
Value,2020-04-29 19:27:07,15,24,11,3035,47962,2796,22,13,31509,1283,5.9%,41.0%,43.0%
Value,2020-04-29 19:28:34,10,24,11,719,47962,2758,13,11,31434,1205,12.3%,41.1%,43.0%
Value,2020-04-29 19:30:01,11,24,10,936,47962,2747,13,8,31493,1255,6.1%,41.0%,43.0%
Value,2020-04-29 19:31:30,17,26,10,1242,47962,2695,14,7,31603,1348,8.2%,41.0%,43.0%
Value,2020-04-29 19:33:00,10,26,11,816,47962,2689,20,8,31500,1237,8.5%,41.0%,43.0%
Value,2020-04-29 19:34:33,15,26,11,1128,47962,2580,29,12,31513,1228,5.9%,41.0%,43.0%
Value,2020-04-29 19:36:41,10,26,11,752,47962,2554,21,13,31561,1249,7.1%,41.0%,43.0%
Value,2020-04-29 19:38:43,15,26,11,999,47962,2547,33,18,31591,1242,8.7%,41.0%,43.0%
Value,2020-04-29 19:40:52,13,26,11,1172,47962,2470,33,15,31593,1227,10.2%,41.2%,43.0%
Value,2020-04-29 19:42:48,14,26,11,1778,47962,2447,29,12,31593,1206,5.7%,41.0%,43.0%
Value,2020-04-29 19:44:59,15,29,11,2234,47962,2438,24,10,31536,1148,6.1%,41.1%,43.9%
Value,2020-04-29 19:47:17,3.33%,"'3128': 0, '443': 0, '80': 0, '8000': 0, '8080': 0",0%,Forward,Off,Enabled,6.5%,41.1%,43.9%
Value,2020-04-29 19:49:29,Disabled,Enabled,Forward,Non-inline,Monitor,S600V,5.8%,41.1%,43.9%
Value,2020-04-29 19:53:11,9,29,11,651,47962,2292,17,12,31612,1136,5.0%,41.1%,43.9%
Value,2020-04-29 19:57:21,11,29,11,547,47962,2241,24,15,31686,1175,7.2%,41.1%,43.9%
Value,2020-04-29 20:00:46,10,29,11,1687,47962,2021,13,9,31665,1116,9.2%,41.1%,43.9%
Value,2020-04-29 20:03:05,10,29,11,3716,47962,1837,15,7,31607,1043,7.0%,41.1%,43.9%
Value,2020-04-29 20:05:28,12,29,11,1001,30938,1592,23,15,31713,1113,7.0%,41.1%,43.9%
Value,2020-04-29 20:08:12,12,29,11,875,19365,1406,26,13,31740,1119,8.8%,41.1%,43.9%
Value,2020-04-29 20:10:31,14,29,11,1253,19365,1441,23,12,31724,1085,12.0%,41.1%,43.9%
Value,2020-04-29 20:13:36,9,29,11,1923,19365,1437,19,15,31728,1064,8.1%,41.1%,43.0%
Value,2020-04-29 20:17:00,5.0%,"'3128': 0, '443': 0, '80': 0, '8000': 0, '8080': 0",0%,Forward,Off,Enabled,5.0%,41.1%,43.0%
Value,2020-04-29 20:21:02,5,29,11,3986,47713,1542,25,9,31750,986,5.5%,41.2%,43.0%
Value,2020-04-29 20:23:43,6,29,11,1290,149462,1930,26,11,31819,1035,8.1%,41.1%,43.0%
Value,2020-04-29 20:26:38,8,29,11,2972,149462,1938,19,10,31825,1022,6.6%,41.1%,43.1%
Value,2020-04-29 20:29:31,9,29,11,3754,149462,1983,20,9,31862,1021,6.6%,41.1%,43.0%
Value,2020-04-29 20:32:50,7,29,10,2240,149462,2004,21,18,31814,957,4.9%,41.1%,43.0%
Value,2020-04-29 20:37:01,6,29,10,564,149462,2026,12,12,31787,906,4.0%,41.2%,43.0%
Value,2020-04-29 20:41:34,7,29,10,548,149462,2172,17,22,31759,844,6.0%,41.1%,44.0%
Value,2020-04-29 20:46:51,6,27,9,260,149462,2137,27,8,31855,862,5.9%,41.1%,44.0%
Value,2020-04-29 20:52:00,6,27,9,1271,149462,2134,19,12,31905,868,4.9%,41.1%,44.0%
Value,2020-04-29 20:57:26,8,27,9,786,149462,2116,8,9,31965,867,3.5%,41.1%,43.1%
Value,2020-04-29 20:59:05,5,27,9,802,149462,2160,10,6,31954,837,10.0%,41.2%,43.1%
Value,2020-04-29 21:00:35,7,27,8,2025,149462,2160,15,10,31973,852,6.0%,41.1%,43.1%
Value,2020-04-29 21:02:03,7,27,8,353,149462,2133,15,10,31979,851,10.3%,41.1%,43.1%
Value,2020-04-29 21:03:39,7,27,8,1060,149462,2187,20,8,31964,805,6.8%,41.2%,43.1%
Value,2020-04-29 21:05:07,8,27,8,472,149462,2176,20,14,31967,811,7.2%,41.1%,43.1%
Value,2020-04-29 21:06:35,6,27,8,820,149462,2185,13,14,31967,808,11.1%,41.2%,43.1%
Value,2020-04-29 21:08:01,7,27,8,382,149462,2152,15,11,31985,806,5.0%,41.1%,43.1%
Value,2020-04-29 21:09:29,8,19,8,1359,149462,2138,15,10,31969,770,7.9%,41.2%,43.1%
Value,2020-04-29 21:10:55,6,19,8,598,149462,2144,14,11,32009,804,6.3%,41.1%,43.1%
Value,2020-04-29 21:12:22,7,19,8,3351,149462,2223,13,14,31966,762,6.2%,41.1%,43.1%
Value,2020-04-29 21:13:54,6,19,7,1077,149462,2168,19,8,31961,734,8.8%,41.1%,43.3%
Value,2020-04-29 21:15:44,7,19,7,611,149462,2160,10,7,31966,737,7.1%,41.1%,44.0%
Value,2020-04-29 22:37:10,8,21,8,320,36215,854,10,4,32541,577,8.0%,41.1%,43.1%
Value,2020-04-29 22:41:52,9,21,8,167,36215,849,17,7,32596,596,7.2%,41.1%,43.1%
Value,2020-04-29 22:45:59,10,21,9,211,36215,809,5,6,32638,584,6.1%,41.1%,43.1%
Value,2020-04-29 22:49:07,11,21,9,539,36215,860,17,7,32680,579,6.2%,41.1%,43.1%
Value,2020-04-29 22:52:23,12,21,9,261,36215,852,12,12,32691,574,4.6%,41.1%,43.1%
Value,2020-04-29 22:55:58,10,21,10,314,36215,834,11,11,32699,549,5.7%,41.1%,43.1%
Value,2020-04-29 22:59:06,8,21,10,128,36215,817,10,9,32723,533,4.7%,41.1%,43.1%
Value,2020-04-29 23:01:34,11,21,10,1166,36215,835,18,8,32746,518,4.6%,41.1%,43.1%
Value,2020-04-29 23:05:42,17,23,10,2163,36215,855,21,45,32831,599,9.6%,41.1%,43.1%
Value,2020-04-29 23:10:34,12,23,11,1264,36215,934,22,17,32831,529,5.1%,41.1%,43.1%
Value,2020-04-29 23:14:52,14,23,11,3185,36215,1143,23,23,32852,538,4.3%,41.1%,43.1%
Value,2020-04-29 23:18:47,12,23,11,2077,36215,1208,29,13,32885,518,6.2%,41.1%,43.1%
Value,2020-04-29 23:22:51,5,23,11,922,42701,1385,22,13,32883,471,7.1%,41.1%,43.1%
Value,2020-04-29 23:26:27,4,23,11,101,42701,1397,19,10,32902,449,4.3%,41.1%,43.1%
Value,2020-04-29 23:29:33,3,23,10,181,42701,1400,13,12,32909,431,5.2%,41.1%,43.1%
Value,2020-04-29 23:32:37,12,23,10,819,42701,1361,23,9,32991,464,4.5%,41.1%,43.1%
Value,2020-04-29 23:35:32,5,23,10,935,42701,1291,17,9,32981,426,7.2%,41.1%,43.1%
Value,2020-04-29 23:38:19,6,23,10,849,42701,1314,19,8,32991,407,4.3%,41.1%,43.1%
Value,2020-04-29 23:40:56,6,23,9,760,42701,1272,24,4,33029,404,5.2%,41.1%,43.1%
Value,2020-04-29 23:43:58,6,23,9,630,42701,1294,21,5,33060,396,4.2%,41.1%,43.1%
Value,2020-04-29 23:47:08,4,23,9,96,42701,1257,23,8,33080,405,7.4%,41.1%,43.1%
Value,2020-04-29 23:50:13,4,23,8,848,42701,1258,25,7,33085,381,6.7%,41.1%,43.1%
Value,2020-04-29 23:53:01,5,23,8,39,42701,1278,18,4,33116,385,4.5%,41.1%,43.1%
Value,2020-04-29 23:55:17,3,23,8,25,42701,1273,16,2,33116,357,4.6%,41.1%,43.1%
Value,2020-04-29 23:57:47,4,23,8,795,42701,1282,17,8,33171,394,2.6%,41.1%,43.1%
